01582;Summerau
02451;Gmünd NÖ
02667;Retz
02669;Unterretzbach z
02825;Hohenau
02826;Rabensburg
02828;Bernhardsthal
05527;Kamienna Góra
05540;Mieroszów
05549;Błażkowa
05550;Lubawka
05618;Szkl. Poręba Górna
05619;Szkl. Poręba Huta
05622;Polana Jakuszycka
05710;Głuchołazy
05720;Międzylesie
06790;Chałupki
07550;Zebrzydowice
07565;Cieszyn
10232;Amtshainersdorf
10415;Bad Brambach
10533;Bad Schandau
10632;Bärenstein
12008;Cranzahl
13016;Kúty
13539;Furth im Wald
13857;Goßdorf-Kohlmühle
14106;Grossschönau/S.
14291;Hainewalde
14326;Holíč nad Moravou
14466;Horné Srnie
15299;Johanngeorgenstadt
15614;Klingenthal
15906;Krippen Hp
16486;Vrbovce
17068;Mittelherwigsdorf/S.
17545;Lúky pod Makytou
17985;Lysá pod Makytou z
17995;Strelenka z
18115;Čadca
18175;Svrčinovec zast. z
18456;Porschdorf(Pirna)
18662;Rathmannsdorf(Pirna)
19343;Schirnding
19401;Schmilka-Hirschmühle
19433;Schöna
19626;Sebnitz(Sachs)
19678;Seifhennersdorf
19685;Selb-Plößberg
20444;Ulbersdorf
21503;Zittau
33005;Bojkovice město
33012;Blatec
33014;Albrechtice u Českého Těšína
33015;Adamov
33022;Nemilany
33024;Baška
33025;Adamov zastávka
33032;Olomouc-Nové Sady
33035;Babice nad Svitavou
33042;Bludov
33045;Bedihošť
33052;Bohutín
33054;Studénka město
33055;Čelčice
33062;Bludov lázně
33064;Bílovec
33065;Doloplazy
33072;Bohdíkov
33074;Velké Albrechtice
33075;Pivín
33082;Komňátka
33084;Budišov nad Budišovkou
33085;Bílovice nad Svitavou
33092;Bohuňovice
33094;Svatoňovice
33095;Blansko
33102;Hlušovice
33104;Bystřice
33105;Dolní Lhota
33112;Branná
33114;Hrádek
33115;Blansko město
33122;Brantice
33124;Vendryně (Wędrynia)
33125;Blažovice
33132;Zátor
33135;Křenovice dol.n.
33142;Brodek u Přerova
33145;Bohuslavice nad Vláří
33152;Rokytnice u Přerova
33155;Divnice
33162;Bruntál
33165;Popov
33172;Malá Morávka
33175;Bohuslavice u Kyjova
33182;Kožušany
33185;Bojkovice
33192;Rudná pod Pradědem
33195;Pitín zastávka
33202;Světlá Hora
33205;Boskovice
33215;Boří les
33222;Rudná pod Pradědem zastávka
33225;Božice u Znojma
33232;Břidličná
33234;Český Těšín
33236;Branky na Moravě
33242;Břidličná zastávka
33244;Chotěbuz (Kocobędz)
33246;Police u Valašského Meziříčí
33252;Raškov
33254;Ropice zastávka
33255;Bransouze
33264;Děhylov
33265;Přímělkov
33274;Dětmarovice
33275;Dolní Smrčné
33284;Dobrá u Frýdku-Místku
33285;Číchov
33292;Čelechovice na Hané
33294;Dobratice-Vojkovice
33295;Brno hl. n.
33302;Kaple
33304;Dolní Benešov
33305;Brno-Horní Heršpice
33312;Červenka
33314;Kozmice
33315;Brno-Kr. Pole
33322;Dětřichov nad Bystřicí
33324;Frenštát p.R. město
33325;Brno-Řečkovice
33332;Lomnice u Rýmařova
33334;Frenštát p.R.
33335;Brno-Lesná
33344;Frýdek-Místek
33354;Frýdlant nad Ostravicí
33364;Čeladná
33365;Brno-Slatina
33374;Frýdlant nad Ostravicí-Nová Dědina
33384;Frýdlant nad Ostravicí zastávka
33385;Brno-Černovice
33394;Pržno
33395;Brno-Židenice
33404;Fulnek
33405;Brumov
33412;Halenkov zastávka
33414;Stachovice
33415;Návojná
33422;Domašov nad Bystřicí
33424;Háj ve Slezsku
33425;Břeclav
33432;Hrubá Voda-Smilov
33434;Jilešovice
33435;Brumov střed
33437;Březová n. Svit.
33442;Jívová
33444;Lhota u Opavy
33447;Březová nad Svitavou-Dlouhá
33452;Drahanovice
33454;Havířov
33457;Hradec nad Svitavou
33461;Havířov střed
33462;Slatinice
33464;Šenov
33465;Jankovice
33467;Moravská Chrastová
33472;Drahotuše
33474;Havířov-Suchá
33475;Bzenec-Olšovec
33477;Svitavy-Lány
33482;Grygov
33484;Horní Suchá
33485;Břežany
33492;Halenkov
33494;Hladké Životice
33495;Pravice
33502;Huslenky
33504;Hlučín
33505;Bučovice
33512;Huslenky zastávka
33514;Hnojník
33515;Marefy
33522;Nový Hrozenkov
33524;Střítež u Českého Těšína
33525;Nevojice
33532;Nový Hrozenkov zastávka
33534;Horní Tošanovice
33535;Bylnice
33542;Hanušovice
33545;Svatý Štěpán
33552;Chrastice
33554;Jakartovice
33555;Bystřice nad Pernštejnem
33562;Potůčník
33564;Svobodné Heřmanice
33565;Rovné-Divišov
33572;Vysoké Žibřidovice
33574;Hradec nad Moravicí
33575;Rozsochy
33582;Hanušovice zastávka
33584;Branka u Opavy
33585;Bystřice pod Hostýnem
33592;Hlubočky
33594;Chuchelná
33595;Hlinsko pod Hostýnem
33602;Hlubočky-Mariánské Údolí
33604;Bolatice
33605;Loukov
33612;Hlubočky zastávka
33614;Štěpánkovice
33615;Bzenec
33622;Hostašovice
33624;Návsí
33625;Vracov
33634;Bocanovice
33635;Čejč
33642;Horka nad Moravou
33644;Jindřichov ve Slezsku
33652;Horní Lideč
33654;Jistebník
33655;Dobronín
33662;Mořkov hlavní trať
33672;Lidečko
33674;Karviná hl. n.
33675;Střítež u Jihlavy
33682;Lidečko ves
33685;Kamenná
33692;Střelná
33702;Horní Lipová
33704;Kopřivnice
33714;Kopřivnice zastávka
33715;Dzbel
33722;Hranice na Moravě
33725;Jesenec
33732;Hranice na Moravě město
33735;Konice
33742;Černotín
33745;Zlín-Malenovice
33752;Hrubá Voda
33754;Kravaře ve Slezsku
33755;Zlín střed
33762;Hrubá Voda zastávka
33764;Kravaře-Kouty
33765;Zlín-Louky
33772;Velká Kraš
33774;Malé Hoštice
33775;Zlín-Podvesná
33782;Kobylá nad Vidnavkou
33784;Velké Hoštice
33785;Zlín-Prštné
33794;Dolní Benešov - Zábřeh
33795;Zlín-Příluky
33805;Grešlové Mýto
33812;Hustopeče nad Bečvou
33815;Blížkovice
33822;Milotice nad Bečvou
33825;Hodonice
33832;Špičky
33835;Dyje
33842;Jablůnka
33845;Hodonín
33852;Bystřička
33855;Holešov
33862;Javorník ve Sl.
33865;Dobrotice
33872;Bernartice u Javorníka
33882;Horní Heřmanice
33885;Holubice
33892;Jeseník
33895;Hradčovice
33902;Jindřichov na Moravě
33904;Krnov
33912;Nové Losiny
33914;Krnov-Cvilín
33915;Hrušky zastávka
33925;Hrušovany nad Jevišovkou-Šanov
33934;Kunčice pod Ondřejníkem
33942;Loučná n.Des.-Fil. z
33944;Kroměříž-Oskol
33952;Kouty nad Desnou
33955;Hrušovany u Brna
33962;Loučná nad Desnou
33965;Vojkovice nad Svratkou
33972;Loučná n.Des.-R. nz
33974;Lískovec u Frýdku
33975;Žabčice
33982;Libina
33984;Louky nad Olší
33985;Hulín
33992;Hrabišín
33995;Břest
34005;Třebětice
34014;Opava zastávka
34015;Hustopeče u Brna
34024;Slavkov u Opavy
34025;Huštěnovice
34034;Město Albrechtice
34037;Chornice
34042;Lipník nad Bečvou
34044;Krásné Loučky
34047;Mezihoří
34052;Lipová Lázně
34054;Linhartovy
34057;Nectava
34062;Lipová Lázně jeskyně
34064;Mladecko
34067;Šubířov
34072;Lipová Lázně zastávka
34074;Dolní Životice
34075;Brno-Chrlice
34082;Litovel
34084;Litultovice
34092;Litovel předměstí
34094;Štáblovice
34102;Cholina
34104;Mosty u Jablunkova
34105;Chropyně
34112;Chudobín
34114;Mosty u Jablunkova zastávka
34115;Věžky
34122;Litovel město
34124;Bohumín
34125;Ivančice
34132;Mladeč
34134;Dolní Lutyně
34135;Ivančice město
34142;Mladeč jeskyně
34144;Nový Jičín město
34145;Ivanovice na Hané
34152;Myslechovice
34154;Šenov u Nového Jičína
34155;Hoštice-Heroltice
34162;Lukavice na Moravě
34164;Odry
34165;Jaroměřice nad Rokytnou
34166;Bohušice
34170;Odry-Loučky
34174;Heřmánky
34175;Šebkovice
34184;Jakubčovice nad Odrou
34185;Jemnice
34194;Opava východ
34195;Jihlava-Bosch Diesel
34204;Opava-Komárov
34205;Jihlava-Staré Hory
34214;Kylešovice
34215;Jihlava
34224;Otice
34232;Mikulovice
34234;Opava západ
34242;Ondřejovice
34252;Milotice nad Opavou
34254;Vávrovice
34262;Kunov
34272;Nové Heřminovy z
34275;Kobylí na Moravě
34282;Mohelnice
34285;Brumovice
34292;Moravičany
34294;Osoblaha
34295;Kojetice na Moravě
34302;Moravský Beroun
34304;Amalín
34306;Kojetín
34312;Náměšť na Hané
34314;Bohušov
34316;Lobodice
34324;Horní Povelice
34325;Červenka zastávka
34326;Měrovice nad Hanou
34334;Koberno
34345;Šlapanice zastávka
34346;Uhřičice obec
34352;Nový Malín
34354;Slezské Rudoltice
34362;Olomouc hl. n.
34364;Ostrava hl. n.
34372;Olomouc město
34374;Ostrava-Kunčičky
34382;Olomouc-Hejčín
34384;Ostrava-Mariánské Hory
34385;Kostelec na Hané
34392;Olomouc-Řepčín
34393;Ostrava-Stodolní
34394;Ostrava střed
34395;Lutotín
34402;Olomouc-Nová Ulice
34405;Zdětín u Prostějova
34412;Olomouc-Smetanovy sady
34414;Ostrava-Kunčice
34424;Ostrava-Bartovice
34434;Ostrava-Svinov
34444;Ostrava-Třebovice
34454;Polanka nad Odrou
34455;Krahulov
34464;Ostravice
34465;Kralice nad Oslavou
34472;Ostružná
34475;Kroměříž
34482;Ramzová
34485;Bezměrov
34494;Ostravice zastávka
34495;Jarohněvice
34505;Kotojedy
34512;Rapotín zastávka z
34514;Paskov
34515;Postoupky
34522;Petrov nad Desnou
34524;Petrovice u Karviné
34532;Rapotín z
34534;Závada
34535;Šelešovice
34542;Velké Losiny
34544;Polom
34545;Křenovice hor.n.
34552;Velké Losiny zast. z
34553;Velké Losiny zámek
34554;Bělotín
34555;Hostěrádky-Rešov
34562;Písečná
34565;Zbýšov
34567;Troubelice střed
34572;Česká Ves
34574;Příbor
34575;Křižanov
34582;Hradec-Nová Ves
34584;Ropice
34585;Ořechov
34592;Česká Ves bazén
34594;Ropice-Zálesí (Ropica-Zalesie)
34595;Kunovice
34603;Mošnov, Ostrava Airport
34605;Kunovice zastávka
34608;Sedlnice
34614;Skotnice
34615;Popovice u Uherského Hradiště
34625;Vésky
34636;Kunovice-Loučka
34642;Osek nad Bečvou
34646;Podhradní Lhota
34652;Prosenice
34655;Kuřim
34662;Přerov
34664;Skrochovice
34665;Česká
34672;Horní Moštěnice
34674;Holasovice
34675;Kyjov
34684;Úvalno
34685;Kyjov zastávka
34694;Studénka
34702;Příkazy
34705;Lednice
34712;Skrbeň
34715;Lednice rybníky
34725;Letovice
34735;Letovice zastávka
34745;Rozhraní
34755;Luhačovice
34765;Biskupice u Luhačovic
34772;Hanušovice Holba
34775;Polichno
34782;Rožnov p.R.
34785;Luka nad Jihlavou
34795;Malý Beranov
34802;Zubří
34804;Suchdol nad Odrou
34805;Bítovčice
34812;Ruda nad Moravou
34814;Hladké Životice místní nádraží
34815;Luleč
34822;Bartoňov
34824;Jeseník nad Odrou
34825;Lužice
34832;Rýmařov
34837;Městečko Trnávka
34842;Jamartice
34844;Mankovice
34847;Rozstání
34850;Znojmo nemocnice
34852;Velká Štáhle
34854;Štítina
34855;Mikulov na Moravě
34862;Senice na Hané
34864;Mokré Lazce
34865;Březí
34872;Odrlice
34874;Štramberk
34875;Miroslav
34882;Senice na Hané zastávka
34884;Ženklava
34885;Dolenice
34892;Sobotín
34894;Třemešná ve Slezsku
34902;Staré Město pod Sněžníkem
34904;Dívčí Hrad
34907;Mladějov na Moravě
34912;Střeň
34914;Liptaň
34917;Anenská Studánka
34922;Petrov n.Des.zast. z
34924;Třinec
34927;Kunčina
34932;Štěpánov
34934;Třinec-Konská (Trzyniec-Końska)
34937;Trpík
34942;Šternberk
34944;Třinec centrum
34945;Modřice
34952;Mladějovice
34955;Moravská Nová Ves
34962;Štarnov
34967;Moravská Třebová
34972;Šumperk
34975;Ostopovice
34976;Brno-Starý Lískovec
34977;Linhartice
34982;Vikýřovice z
34984;Veřovice
34985;Moravské Bránice
34992;Teplice nad Bečvou
34995;Ivančice letovisko
35004;Vítkov
35005;Moravské Budějovice
35012;Nová Hradečná
35014;Čermná ve Slezsku
35015;Dědice
35022;Troubelice zastávka
35024;Klokočov
35032;Babice u Šternberka
35034;Vratimov
35044;Ostrava-Vítkovice
35055;Jackov
35062;Třebčín
35065;Lhotice u Jemnice
35075;Rácovice
35085;Třebelovice
35095;Vesce
35105;Moravský Krumlov
35112;Uničov
35122;Újezd u Uničova
35125;Moravský Písek
35132;Uničov zastávka
35135;Moravský Písek zastávka
35142;Valašská Polanka
35145;Mutěnice
35152;Lužná u Vsetína
35155;Mutěnice zastávka
35162;Valašské Meziříčí
35172;Brňov
35175;Náměšť nad Oslavou
35182;Hrachovec
35185;Napajedla
35192;Krhová
35195;Spytihněv
35202;Lhotka nad Bečvou
35205;Nedakonice
35212;Zašová
35215;Nedvědice
35222;Valšov
35225;Doubravník
35232;Břidličná lesy
35235;Němčice nad Hanou
35242;Vápenná
35245;Nemotice
35255;Jestřabice
35265;Nesovice
35272;Karolinka zastávka
35275;Brankovice
35282;Velká Bystřice
35285;Nezamyslice
35292;Bystrovany
35295;Chvalkovice na Hané
35302;Velká Bystřice zastávka
35312;Velké Karlovice
35322;Karolinka
35332;Velké Karlovice zastávka
35342;Vrbátky
35352;Kraličky
35362;Vrbno pod Pradědem
35365;Nezdenice
35372;Karlovice
35375;Záhorovice
35382;Pocheň z
35385;N. Město na M.
35392;Skrbovice z
35395;Nové Město na Moravě zastávka
35402;Široká Niva
35405;Olešná na Moravě
35412;Vrbno p.Prad.zast. z
35415;Novosedly
35422;Karlovice zast. z
35425;Jevišovka
35435;Dobré Pole
35442;Vsetín
35445;Okříšky
35452;Hovězí
35455;Hvězdoňovice
35462;Janová
35465;Olbramkostel
35472;Leskovec
35475;Osíčko
35492;Ústí u Vsetína zastávka
35495;Uherský Ostroh
35502;Zábřeh na Moravě
35505;Ostrov nad Oslavou
35512;Postřelmov
35515;Zlín-Dlouhá
35522;Zlaté Hory
35525;Zlín-U mlýna
35532;Ondřejovice zastávka
35542;Zábřeh na Moravě zastávka
35555;Ostrožská Nová Ves
35565;Ostrožská Nová Ves lázně
35572;Žulová
35575;Otrokovice
35582;Tomíkovice
35585;Zlín-Malenovice zastávka
35605;Podivín
35615;Ladná
35625;Rakvice
35635;Otrokovice-Trávníky
35637;Pohled
35647;Stříbrné Hory
35685;Poštorná
35695;Charvátská Nová Ves
35705;Prostějov hl. n.
35712;Vrahovice
35725;Prostějov místní nádraží
35737;Přibyslav
35747;Přibyslav zastávka
35757;Ronov nad Sázavou
35765;Křemenec
35767;Nížkov
35775;Ptení
35785;Čunín
35795;Stražisko
35805;Rájec-Jestřebí
35815;Rajhrad
35825;Popovice u Rajhradu
35835;Rakšice
35845;Bohutice
35855;Rapotice
35865;Vysoké Popovice
35875;Rohatec
35885;Rohatec zastávka
35895;Rohatec kolonie
35905;Rousínov
35925;Rožná
35935;Věžná
35945;Řikonín
35956;Říkovice
35965;Sázava u Žďáru
35972;Vikýřovice-Lesní z
35975;Silůvky
35982;Vikýřovice u penz. z
35985;Skalice n. Svit.
35995;Doubravice nad Svitavou
36005;Svitávka
36015;Zboněk
36055;Sklené nad Oslavou
36065;Laštovičky
36075;Slavičín
36085;Hostětín
36105;Slavkov u Brna
36115;Křižanovice
36125;Sokolnice-Telnice
36135;Újezd u Brna
36145;St. Město u U.H.
36155;Kostelany nad Moravou
36165;Stařeč
36175;Bzenec přívoz
36185;Střelice
36186;Střelice dolní
36195;Vlčatín
36205;Radostice
36215;Troubsko
36225;Studenec
36235;Pozďatín
36245;Šakvice
36255;Popice
36265;Pouzdřany
36274;Znojmo-Nový Šaldorf
36275;Šatov
36327;Šlapanov
36335;Kojatín
36345;Šlapanice
36355;Ponětovice
36365;Šumná
36374;Tetčice
36385;Omice
36395;Tišnov
36405;Borač
36415;Čebín
36425;Dolní Loučky
36435;Hradčany
36455;Prudká zastávka
36465;Štěpánovice
36475;Tlumačov
36485;Záhlinice
36496;Tovačov
36506;Oplocany
36535;Vladislav zastávka
36545;Poteč
36555;Třebíč
36565;Třebíč - Borovina
36575;Uherské Hradiště
36585;Uherský Brod
36595;Havřice
36615;Újezdec u Luhačovic
36625;Šumice
36635;Valašské Klobouky
36645;Valašské Příkazy
36655;Valtice
36665;Sedlec u Mikulova
36675;Valtice město
36685;Velké Meziříčí
36695;Martinice u Velkého Meziříčí
36705;Oslavice
36715;Oslavička
36725;Budišov u Třebíče
36735;Rudíkov
36745;Velké Meziříčí zastávka
36765;Velké Pavlovice
36775;Bořetice
36785;Velké Pavlovice zastávka
36795;Veselí nad Moravou
36805;Vizovice
36815;Zádveřice
36825;Vladislav
36835;Vlkoš
36846;Vlkov-Osová
36855;Níhov
36865;Osová Bítýška
36875;Vranovice
36895;Vyškov na Moravě
36905;Zaječí
36915;Zastávka u Brna
36925;Rosice u Brna
36935;Zdounky
36945;Zborovice
36955;Znojmo
36965;Citonice
36985;Zborovice zastávka
37015;Žďár n.S.
37025;Veselíčko
37035;Hamry nad Sázavou
37045;Radňovice
37055;Lípa nad Dřevnicí
37065;Želechovice nad Dřevnicí
37075;Židlochovice
37085;Sudoměřice nad Moravou
37095;Strážnice
37105;Petrov u Strážnice
37115;Vnorovy
37125;Blatnice pod Svatým Antonínkem
37135;Lipov
37145;Velká nad Veličkou
37155;Louka u Ostrohu
37175;Javorník nad Veličkou zastávka
37185;Vlárský průsmyk
37205;Veselí nad Moravou-Zarazice
37795;Veselí nad Moravou-Milokošť
38002;Český Těšín
38006;Třemešná ve Sl. ú.r.
38015;Brno dolní nádraží
38034;Ostrava hl. n.
38154;Ostrava-důl Zárubek
51229;Velemín
51239;Velemín, Dobkovičky
53006;Praha-Běchovice střed
53011;Dobšice nad Cidlinou
53014;Všetaty
53016;Praha-Běchovice
53018;Mělník
53020;Lípa nad Orlicí
53021;Sány
53024;Dřísy
53026;Praha-Žvahov
53028;Malý Újezd
53030;Převýšov
53034;Ovčáry
53036;Praha-Dolní Počernice
53044;Stará Boleslav
53046;Úvaly
53048;Mělník-Mlazice
53050;Chlumec nad Cidlinou
53054;Otradovice
53056;Praha-Klánovice
53058;Liběchov
53060;Nové Město nad Cidlinou
53066;Český Brod
53069;Štětí
53070;Káranice
53076;Tuklaty
53079;Hoštka
53080;Dobřenice
53086;Rostoklaty
53089;Polepy
53090;Kratonohy
53096;Poříčany
53100;Lhota pod Libčany
53106;Klučov
53109;Křešice u Litoměřic
53110;Praskačka
53114;Lysá nad Labem
53116;Pečky
53119;Litoměřice město
53120;Hradec Král. hl. n.
53124;Lysá nad Labem-Dvorce
53126;Tatce
53129;Velké Žernoseky
53130;Hradec Králové-Kukleny
53134;Kostomlaty nad Labem
53136;Radim
53139;Libochovany
53140;Hradec Králové-Slezské Předměstí
53144;Stratov
53146;Chotutice
53149;Sebuzín
53150;Hradec Králové zastávka
53154;Ostrá
53156;Velim
53159;Ústí n.L. západ
53160;Třebechovice pod Orebem
53166;Cerhenice
53170;Blešno
53176;Nová Ves u Kolína
53179;Ústí n. L. hl. n.
53180;Týniště nad Orlicí
53186;Karlštejn
53190;Petrovice nad Orlicí
53196;Srbsko
53199;Ústí nad Labem sever
53200;Častolovice
53206;Zadní Třebaň
53209;Ústí n.L.-Střekov
53210;Čestice
53214;Nymburk hl. n.
53216;Řevnice
53220;Častolovice zastávka
53221;Praha-Rajská zahrada
53224;Kamenné Zboží
53226;Dobřichovice
53230;Synkov
53234;Poděbrady
53236;Všenory
53239;Trmice
53240;Kostelec nad Orlicí
53244;Velké Zboží
53246;Černošice-Mokropsy
53249;Koštov
53250;Kostelec nad Orlicí město
53254;Libice nad Cidlinou
53256;Praha-Radotín
53260;Doudleby nad Orlicí
53266;Černošice
53270;Záměl
53280;Potštejn
53287;Trnovany
53289;Teplice v Čechách
53290;Sopotnice
53299;Proboštov
53300;Litice nad Orlicí
53307;Veletice
53309;Řetenice
53310;Bohousová
53314;Velký Osek
53320;Žamberk
53324;Veltruby
53327;Holedeček
53330;Letohrad
53337;Měcholupy
53339;Duchcov
53340;Lukavice v Čechách
53347;Želeč
53349;Želénky
53350;Verměřovice
53356;Milostín
53359;Chotějovice
53360;Dolní Dobrouč
53367;Deštnice
53370;Hnátnice
53376;Krupá
53380;Lanšperk
53386;Mutějovice zastávka
53390;Dolní Libchavy
53396;Kolešovice
53399;Most
53400;Jablonné nad Orlicí
53404;Hluboký Důl
53406;Přílepy
53409;Třebušice
53410;Jamné nad Orlicí
53414;Kolín
53416;Kněževes
53420;Těchonín
53424;Kolín zastávka
53426;Chrášťany zastávka
53430;Lichkov
53434;Kolín-Zálabí
53436;Olešná u Rakovníka
53440;Černovír
53444;Kolín místní nádraží
53450;Mladkov
53454;Záboří n.L.
53456;Lužná u Rakovníka
53460;Dolní Lipka
53464;Starý Kolín
53466;Rakovník zastávka
53470;Prostřední Lipka
53474;Týnec nad Labem
53476;Řevničov
53480;Červený Potok
53483;Řečany n.L.
53484;Kolín dílny
53486;Nové Strašecí
53489;Chomutov
53490;Králíky zastávka
53493;Kojice
53496;Stochov
53499;Černovice u Chomutova
53500;Králíky
53503;Chvaletice
53506;Rynholec
53510;Dolní Orlice
53513;Přelouč
53516;Kladno
53519;Klášterec nad Ohří
53520;Červená Voda
53523;Lhota pod Přeloučí
53525;Červená Voda-Pod rozhlednou
53526;Kamenné Žehrovice
53529;Málkov
53530;Moravský Karlov
53533;Valy u Přelouče
53536;Kačice
53546;Kladno-Rozdělov
53549;Kadaň-Prunéřov
53556;Kladno město
53559;Hradec u Kadaně
53566;Kladno-Dubí
53569;Kadaň předměstí
53576;Kladno-Vrapice
53579;Poláky
53580;Podlesí
53589;Želina
53590;Vlaské
53599;Vilémov u Kadaně
53606;Kladno-Švermov
53609;Chotěbudice
53610;Broumov
53613;Pardubice hl. n.
53616;Kladno-Ostrovec
53619;Krásný Dvůr
53623;Pardubice-Opočínek
53626;Unhošť
53629;Pětipsy
53633;Pardubice-Svítkov
53636;Jeneč
53639;Vilémov u Kadaně město
53643;Pardubice-Pardubičky
53644;Pardubice centrum
53646;Pavlov
53649;Vitčice
53650;Broumov-Olivětín
53653;Kostěnice
53656;Hostivice
53659;Vysoké Třebušice
53663;Pardubice-Černá za Bory
53666;Hostivice-Litovice
53669;Radonice u Kadaně
53673;Moravany
53676;Hostivice-Sadová
53677;Chlumčany u Loun
53679;Kadaňský Rohozec
53683;Uhersko
53686;Hostivice-U hřbitova
53689;Ždov
53693;Zámrsk
53697;Vrbno nad Lesy
53699;Most-Kopisty
53703;Sedlíšťka
53707;Peruc
53709;Litvínov město
53710;Meziměstí
53713;Dobříkov u Chocně
53717;Telce
53719;Březno u Chomutova
53726;Klobuky v Čechách
53730;Hynčice
53736;Vrbičany
53740;Ruprechtice
53746;Páleček
53749;Hořetice
53750;Březová u Broumova
53756;Zlonice
53769;Žiželice
53770;Teplice nad Metují
53779;Žatec
53780;Česká Metuje
53789;Žatec západ
53790;Dědov
53799;Kadaň
53800;Police nad Metují
53806;Slaný
53810;Žďár nad Metují
53813;Choceň
53816;Královice u Zlonic
53819;Křimov
53820;Hronov
53823;Sruby
53826;Slaný předměstí
53829;Domina
53830;Hronov zastávka
53833;Dvořisko
53836;Podlešín
53840;Náchod
53843;Brandýs nad Orlicí
53846;Zvoleněves
53849;Křimov-Suchdol
53850;Náchod-Malé Poříčí
53851;Velké Poříčí
53856;Kamenný Most u Kralup nad Vltavou
53859;Křimov zastávka
53860;Náchod-Běloves
53863;Ústí nad Orlicí
53869;Nová Ves u Křimova
53870;Náchod zastávka
53873;Ústí nad Orlicí město
53879;Výsluní
53880;Václavice
53889;Rusová
53890;N. Město n. Met.
53899;Kovářská
53909;České Hamry
53910;Bohuslavice nad Metují
53913;Česká Třebová
53919;Kovářská městys
53920;Černčice
53923;Dlouhá Třebová
53926;Olovnice
53929;Měděnec
53930;Opočno pod Orlickými horami
53933;Třebovice v Čechách
53936;Neuměřice
53939;Měděnec zastávka
53940;Bohuslavice nad Metují zastávka
53943;Rudoltice v Čechách
53946;Kralupy nad Vltavou předměstí
53949;Vejprty
53950;Pohoří
53953;Žichlínek
53956;Zeměchy
53959;Vejprty koupaliště
53963;Krasíkov
53969;Vejprty zastávka
53973;Tatenice
53976;Koleč
53983;Hoštejn
53993;Lupěné
53996;Zákolany zastávka
54003;Luková u Rudoltic v Čechách
54004;Třebešice
54006;Noutonice
54009;Jirkov
54010;Dobruška
54014;Kutná Hora hl. n.
54016;Kováry
54019;Jirkov zastávka
54024;Hlízov
54026;Středokluky
54030;Bolehošť
54034;Církvice
54036;Tuchoměřice
54040;Očelice
54044;Čáslav
54046;Praha-Zličín
54050;Borohrádek
54054;Horky u Čáslavi
54056;Dobrovíz
54057;Straškov
54060;Žďár nad Orlicí
54061;Dobrovíz-Amazon
54066;Jeneč zastávka
54070;Čermná nad Orlicí
54074;Vrdy-Koudelov
54076;Hostouň u Prahy
54080;Újezd u Chocně
54083;Golčův Jeníkov
54089;Litvínov
54090;Plchůvky
54093;Golčův Jeníkov město
54097;Vražkov
54099;Most-Minerva
54100;Solnice
54103;Nová Ves u Leštiny
54104;Vlkaneč
54105;Solnice zastávka
54107;Mnetěš
54109;Lom u Mostu
54110;Rychnov nad Kněž.
54113;Leština u Světlé
54117;Bříza obec
54119;Osek
54120;Rychnov n.K. zast.
54123;Sázavka
54127;Roudnice nad Labem-Hracholusky
54129;Háj u Duchcova
54130;Slemeno
54133;Světlá n.S.
54137;Roudnice nad Labem město
54140;Rokytnice v Orl. horách
54143;Pohleď
54147;Kleneč
54149;Louka u Litvínova
54150;Pěčín
54153;Světlá nad Sázavou-Josefodol
54157;Mšené Lázně
54159;Lom u Mostu zastávka
54160;Vamberk
54163;Mrzkovice
54167;Charvatce
54169;Osek město
54170;Slatina nad Zdobnicí
54173;Dolní Březinka
54177;Martiněves u Libochovic
54179;Horní Háj
54180;Rybná nad Zdobnicí
54183;Světlá nad Sázavou město
54187;Vrbka
54189;Hrob
54190;Peklo nad Zdobnicí
54193;Okrouhlice
54197;Budyně nad Ohří
54199;Střelná v Krušných horách
54203;Havlíčkův Brod-Perknov
54207;Břežany nad Ohří
54209;Dubí
54212;Liberec
54213;Havlíčkův Brod
54217;Žabovřesky nad Ohří
54219;Mikulov v Krušných horách
54222;Liberec-Rochlice
54223;Petrkov
54225;Luštěnice
54227;Horní Beřkovice
54229;Moldava v Krušných horách
54232;Rychnov u Jabl.n.N.
54233;Lípa
54237;Ctiněves
54239;Mikulov-Nové Město
54242;Rádlo
54243;Břevnice
54247;Kostomlaty pod Řípem
54252;Jeřmanice
54253;Pohledští Dvořáci
54257;Roudnice nad Labem
54262;Pilínkov
54263;Mírovka
54267;Dobříň
54272;Hodkovice nad Mohelkou
54273;Dolík
54277;Roudnice nad Labem-Bezděkov
54282;Sychrov
54287;Hněvice
54292;Sedlejovice
54297;Záluží
54300;Turnov
54306;Dolní Beřkovice
54309;Jílové u Děčína
54312;Doubí u Turnova
54313;Opatov
54316;Horní Počaply
54318;Jeníkov-Oldřichov
54319;Děčín-Bynov
54321;Loukov u Mnichova Hradiště
54323;Semanín
54326;Vraňany
54329;Děčín-Oldřichov
54332;Příšovice
54333;Svitavy
54336;Cítov
54339;Martiněves u Děčína
54341;Březina nad Jizerou
54343;Opatovec
54349;Libouchec
54351;Mnichovo Hradiště
54353;Svitavy zastávka
54356;Mlčechvosty
54359;Kamenec
54361;Bakov nad Jizerou
54366;Nelahozeves
54369;Modrá u Děčína
54371;Bakov nad Jizerou město
54376;Nové Ouholice
54379;Malé Chvojno
54386;Nelahozeves zámek
54389;Telnice
54396;Kralupy n.V.
54399;Chlumec u Chabařovic
54406;Chvatěruby
54409;Unčín
54414;Milovice
54419;Krupka
54424;Veleliby
54426;Zlonín
54427;Krupka-Bohosudov z
54429;Bohosudov zastávka
54436;Libčice nad Vltavou
54439;Krupka město
54441;Mladá Boleslav-Debř
54446;Dolany nad Vltavou
54449;Novosedlice
54451;Mladá Boleslav hl. n.
54456;Libčice nad Vltavou-Letky
54459;Teplice lesní brána
54466;Roztoky u Prahy
54471;Krnsko
54476;Řež
54481;Chotětov
54486;Úholičky
54496;Roztoky-Žalov
54506;Praha-Sedlec
54509;Obrnice
54511;Kojovice
54514;Sadská
54516;Otvovice
54521;Zdětín u Chotětova
54526;Kralupy nad Vltavou-Minice
54531;Kropáčova Vrutice
54532;Varnsdorf - pivovar Kocour
54536;Zákolany
54541;Košátky
54546;Brandýsek
54549;Želenice nad Bílinou
54551;Byšice
54554;Nymburk město
54556;Dřetovice
54559;Bečov u Mostu
54561;Kadaň-Bystřice
54562;Nové Město p.Sm.
54564;Hořátev
54566;Velvary
54569;Břvany
54572;Jindřichovice p.Sm.
54576;Olovnice zastávka
54579;Lenešice
54582;Horní Řasnice
54585;Třebestovice
54586;Velká Bučina
54589;Dobroměřice
54592;Jindřichovice pod Smrkem-Skanzen
54596;Chlumín
54599;Louny
54602;Hajniště
54606;Úžice
54609;Louny město
54612;Řasnice zastávka
54613;Pardubice-Rosice n.L.
54616;Netřeba
54622;Řasnice
54626;Jiřice
54629;Veltěže
54632;Krásný Les
54633;Pardubice závodiště
54636;Kostelec nad Labem
54639;Louny střed
54642;Krásný Les bažantnice
54643;Staré Jesenčany
54646;Brandýs nad Labem
54650;Brandýs nad Labem-Zápská
54652;Frýdlant v Č.
54653;Chrudim
54656;Polerady nad Labem
54662;Frýdlant v Čechách předměstí
54663;Medlešice
54666;Brandýs nad Labem zastávka
54673;Chrudim zastávka
54683;Slatiňany
54686;Neratovice
54687;Neratovice město
54688;Neratovice sídliště
54693;Chrast u Chrudimi
54696;Lobkovice
54703;Zaječice
54706;Tišice
54709;Řehlovice
54713;Horka u Chrudimi
54716;Kojetice u Prahy
54719;Brozánky
54723;Orel
54726;Měšice u Prahy
54729;Stadice
54736;Hovorčovice
54739;Rtyně nad Bílinou
54742;Višňová
54746;Mochov zastávka
54749;Velvěty
54752;Černousy
54756;Čelákovice zastávka
54759;Ohníč
54762;Filipovka
54766;Praha-Satalice
54772;Minkovice
54775;Čelákovice-Jiřina
54776;Čelákovice
54786;Lázně Toušeň
54789;Světec
54796;Mochov
54799;Bílina-Chudeřice
54806;Mstětice
54809;Hostomice nad Bílinou
54810;Opatovice nad Labem
54812;Raspenava
54813;Žďárec u Skutče
54816;Zeleneč
54819;Bílina
54822;Luh pod Smrkem
54823;Vrbatův Kostelec
54826;P.-Hor. Počernice
54829;Bílina kyselka
54832;Hejnice
54833;Prosetín
54836;Vráž u Berouna
54842;Lužec pod Smrkem
54843;Pokřikov
54846;Loděnice
54852;Bílý Potok p.Sm.
54853;Hlinsko v Č.
54856;Nučice
54859;Počerady
54862;Mníšek u Liberce
54863;Vojtěchov
54866;Nučice zastávka
54869;Volevčice
54872;Oldřichov v Hájích
54873;Holetín
54876;Chýně
54879;Výškov v Čechách
54882;Krásná Studánka
54886;Chýně jih
54888;Vítanov
54892;Stráž nad Nisou
54893;Stružinec
54896;Rudná zastávka
54902;Tanvaldský Špičák
54903;Ždírec n.D.
54906;Jinočany
54909;Postoloprty
54912;Kořenov
54913;Sobíňov
54916;Rudná u Prahy
54919;Lišany u Žatce
54922;Harrachov
54923;Chotěboř
54926;Praha-Řeporyje
54929;Dolejší Hůrky
54933;Bílek
54936;Zbuzany
54939;Touchovice u Loun
54942;Kořenov zastávka
54943;Rozsochatec
54946;Praha-Holyně
54949;Tvršice
54952;Tanvald
54956;Praha-Uhříněves
54959;Březno u Postoloprt
54962;Dolní Polubný
54969;Hřivice
54972;Desná
54973;Desná-Riedlova vila
54974;Desná-Pustinská
54976;Praha-Kolovraty
54979;Jimlín
54982;Tanvald zastávka
54986;Říčany
54989;Opočno u Loun
54992;Smržovka dolní nádraží
54996;Světice
54999;Solopysky
55002;Jablonec nad Nisou centrum
55003;Borová u Poličky zastávka
55006;Strančice
55009;Konětopy
55012;Smržovka střed
55013;Skuteč
55016;Mnichovice
55019;Domoušice
55022;Smržovka
55023;Předhradí
55026;Senohraby
55028;Mutějovice
55032;Josefův Důl
55033;Čachnov
55036;Mirošovice u Prahy
55038;Kounov
55042;Antonínov
55043;Krouna
55046;Čerčany
55048;Svojetín
55052;Jiřetín pod Bukovou
55053;Pustá Kamenice
55056;Pyšely
55058;Hořesedly
55062;Nová Ves nad Nisou
55063;Polička
55066;Mrač
55068;Chrášťany
55072;Lučany nad Nisou
55073;Borová u Poličky
55076;Lštění
55082;Jablonecké Paseky
55083;Oldřiš
55086;Zlenice
55092;Jablonec nad Nisou
55093;Sádek u Poličky
55096;Poříčí nad Sázavou
55102;Jablonec nad Nisou zastávka
55103;Pomezí zastávka
55106;Benešov u Prahy
55109;Teplice zámecká zahrada
55112;Jablonec n.N. dol.n.
55113;Pomezí
55116;Bystřice u Benešova
55119;Bystřany v Čechách
55122;Vesec u Liberce
55123;Květná
55126;Tomice
55129;Prosetice
55132;Proseč nad Nisou
55133;Vendolí zastávka
55136;Olbramovice
55139;Úpořiny
55142;Vratislavice nad Nisou
55146;Vrchotovy Janovice
55149;Lbín
55152;Liberec-Horní Růžodol
55153;Pustá Kamenice zastávka
55156;Voračice
55159;Žalany
55162;Ostašov
55163;Květná zastávka
55166;Minartice
55169;Hradiště v Čechách
55172;Karlov pod Ještědem
55173;Krouna zastávka
55176;Sedlčany
55179;Žalany zastávka
55182;Křižany
55186;Štětkovice
55189;Radejčín
55192;Novina
55196;Kosova Hora
55199;Bořislav
55202;Kryštofovo Údolí
55203;Litomyšl zastávka
55206;Votice
55209;Žim
55212;Zdislava
55213;Litomyšl
55216;Heřmaničky
55219;Chotiměř
55222;Rynoltice
55223;Litomyšl-Nedošín
55226;Střezimíř
55232;Lvová
55233;Tržek
55236;Ješetice
55239;Oparno
55242;Velké Hamry
55243;Řídký
55246;Červený Újezd u Votic zastávka
55252;Plavy
55253;Cerekvice nad Loučnou
55256;Mezno
55262;Velké Hamry město
55263;Cerekvice nad Loučnou zastávka
55266;Sudoměřice u Tábora
55272;Návarov
55273;Hrušová
55276;Chotoviny
55280;Jesenný
55283;Vysoké Mýto
55286;Postupice
55290;Spálov
55292;Smržovka-Luční
55293;Džbánov
55296;Myslíč
55303;Vysoké Mýto město
55306;Struhařov
55309;Libčeves
55310;Rovensko pod Troskami
55313;Slatina u Vysokého Mýta
55316;Dobříčkov
55319;Bělušice
55320;Turnov město
55326;Městečko u Benešova
55329;Židovice
55330;Karlovice-Sedmihorky
55336;Lhota Veselka
55340;Hrubá Skála
55346;Domašín
55350;Borek pod Troskami
55353;Lanškroun
55356;Vlašim
55360;Ktová
55366;Znosim
55369;Třebívlice
55370;Semínova Lhota
55376;Vlašim zastávka
55379;Podsedice
55380;Jivany
55386;Trhový Štěpánov
55390;Libuň
55391;Libuň zastávka
55396;Bolina
55399;Třebenice
55400;Jinolice
55406;Zdislavice
55409;Dlažkovice
55410;Železnice
55413;Třemošnice
55416;Čtyřkoly
55419;Třebenice město
55420;Jičín
55423;Žlebské Chvalovice
55429;Čížkovice
55430;Jičín zastávka
55433;Ronov nad Doubravou zastávka
55439;Sulejovice
55443;Ronov nad Doubravou
55449;Libochovice
55453;Závratec
55459;Dubany
55464;Žleby zastávka
55469;Chotěšov pod Hazmburkem
55474;Žleby
55479;Koštice nad Ohří
55484;Skovice
55489;Křesín
55499;Libochovice město
55509;Pátek
55510;Butoves
55513;Holice
55520;Vitiněves
55526;Praha-Komořany
55529;Slatina pod Hazmburkem
55530;Kovač
55533;Roveň
55536;Praha-Zbraslav
55539;Slavětín nad Ohří
55540;Ostroměř
55543;Platěnice
55546;Vrané nad Vltavou
55549;Úpohlavy
55550;Vojice
55553;Chrudim město
55556;Dolní Břežany-Jarov
55560;Sobčice
55563;Vejvanovice
55573;Úhřetice
55576;Měchenice
55580;Hořice v Podkrkonoší
55583;Tuněchody
55586;Klínec
55590;Dobrá Voda u Hořic
55596;Čisovice
55600;Třebovětice
55606;Bojov
55609;Děčín-Prostřední Žleb
55610;Jeřice
55613;Hrochův Týnec
55616;Bojanovice
55619;Děčín-Čertova Voda
55620;Cerekvice nad Bystřicí
55623;Bořice
55626;Rymaně
55629;Děčín-Přípeř
55630;Sadová
55636;Mníšek pod Brdy
55639;Dolní Žleb
55640;Hněvčeves
55646;Dobříš
55649;Dolní Žleb zastávka
55650;Dohalice
55656;Nová Ves pod Pleší
55659;Děčín hl. n.
55660;Všestary
55666;Malá Hraštice
55670;Dlouhé Dvory
55676;Mokrovraty
55680;Plotiště nad Labem
55686;Stará Huť
55689;Děčín východ
55690;Libáň
55696;Davle
55700;Ledkov
55703;Jeníkovice
55709;Děčín zastávka
55710;Dětenice
55713;Heřmanův Městec
55716;Petrov-Chlomek
55720;Osenice
55723;Valy u Přelouče zastávka
55726;Petrov u Prahy
55730;Rokytňany
55733;Veselí u Přelouče
55736;Jílové u Prahy
55739;Dobkovice
55740;Rabakov
55743;Choltice
55746;Luka pod Medníkem
55749;Choratice
55756;Kamenný Přívoz
55759;Vilsnice
55766;Krhanice
55769;Povrly
55776;Prosečnice
55779;Neštědice
55780;Lomnice nad Popelkou
55786;Týnec nad Sázavou
55789;Povrly-Roztoky
55790;Ústí u Staré Paky
55796;Chrást nad Sázavou
55799;Neštěmice
55800;Syřenov
55806;Pecerady
55809;Mojžíř
55810;Nová Ves nad Popelkou
55813;Humpolec
55816;Poříčí nad Sázavou-Svárov
55819;Prackovice nad Labem
55820;Ploužnice
55823;Plačkov
55829;Dolní Zálezly
55830;Kyje u Jičína
55833;Kamenice u Humpolce
55839;Litochovice nad Labem
55840;Cidlina
55843;Herálec
55850;Kněžnice
55853;Radňov
55859;Lovosice
55860;Mladějov v Čechách
55863;Slavníč
55870;Hrdoňovice
55879;Lovosice město
55880;Sobotka
55889;Lovosice zastávka
55890;Malechovice
55899;Malé Žernoseky
55900;Libošovice
55901;Řítonice
55906;Plužiny
55909;Bohušovice nad Ohří
55911;Dolní Bousov
55916;Samechov
55919;Hrdly
55921;Domousnice
55926;Hvězdonice
55929;Lukavec
55936;Chocerady
55939;Nové Kopisty
55941;Březno u Mladé Boleslavi
55946;Vlkovec
55949;Hrobce
55951;Bechov
55956;Stříbrná Skalice
55959;Oleško
55961;Dlouhá Lhota
55966;Sázava
55971;Kolomuty
55976;Sázava zastávka
55981;Řepov
55986;Samopše
55991;Mladá Boleslav město
56006;Ledečko
56009;Boletice nad Labem
56011;Skalsko
56016;Rataje nad Sázavou zastávka
56019;Děčín-Staré Město
56021;Rohatsko
56026;Rataje nad Sázavou-Ivaň
56031;Bukovno
56036;Malovidy
56039;Křešice u Děčína
56041;Líny
56046;Český Šternberk
56051;Katusice
56056;Český Šternberk zastávka
56059;Velké Březno
56061;Sudoměř u Mladé Boleslavi
56066;Kácov
56071;Trnová
56076;Soběšín
56081;Vrátno
56086;Vranice
56091;Mšeno
56096;Kácov zastávka
56101;Skramouš
56106;Střechov nad Sázavou
56111;Kanina
56116;Čížov
56119;Malé Březno nad Labem
56121;Živonín
56126;Chabeřice
56131;Nebužely
56136;Zruč n.S.
56141;Lhotka u Mělníka
56146;Zruč nad Sázavou zastávka
56149;Svádov
56151;Lhotka u Mělníka zastávka
56156;Horka nad Sázavou
56159;Těchlovice
56161;Hleďsebe
56166;Laziště
56171;Mělnická Vrutice
56176;Vlastějovice
56179;Valtířov
56181;Velký Borek
56186;Budčice
56191;Dobrovice
56195;Ledeč n.S.
56199;Česká Lípa-Holý vrch
56201;Nepřevázka
56205;Chřenovice
56209;Benešov n.Pl.
56211;Voděrady
56215;Chřenovice-Podhradí
56219;Březiny u Děčína
56225;Horní Ledeč
56226;Hodkov zastávka
56229;Malá Veleň
56231;Čachovice
56235;Vilémovice
56236;Štipoklasy
56239;Františkov nad Ploučnicí
56241;Všejany
56245;Stvořidla
56246;Předbořice
56249;Horní Police
56255;Smrčná
56256;Krasoňovice
56259;Starý Šachov
56261;Křinec
56266;Zbraslavice
56269;Stružnice
56271;Rožďalovice
56276;Želivec
56279;Markvartice
56281;Ledečky
56286;Hodkov
56289;Dolní Habartice
56290;Mlýnec
56291;Jíkev
56296;Černíny
56299;Česká Kamenice
56300;Kopidlno
56301;Oskořínek
56305;Týniště
56306;Malešov
56309;Horní Kamenice
56310;Pševes
56319;Veselé pod Rabštejnem
56320;Žitětín
56326;Bahno
56329;Kamenický Šenov
56330;Jičíněves
56336;Bykáň
56339;Žandov
56340;Nemyčeves
56346;Kutná Hora město
56350;Staré Místo u Jičína
56356;Kutná Hora-Poličany
56360;Bartoušov zastávka
56361;Městec Králové
56366;Kutná Hora-Vrchlice
56376;Kutná Hora-Sedlec
56386;Uhlířské Janovice
56390;Zachrašťany
56396;Rataje nad Sázavou
56401;Běrunice
56406;Rataje nad Sázavou předměstí
56410;Slibovice
56416;Mirošovice u Rataj nad Sázavou
56419;Mlýny
56420;Lovčice obec
56426;Mitrov
56429;Kytlice
56430;Nový Bydžov
56436;Chmeliště
56440;Luková
56446;Hatě
56450;Skřivany
56456;Bečváry
56459;Rumburk
56460;Smidary
56466;Drahobudice
56469;Brtníky
56470;Ohnišťany
56476;Ratboř
56479;Dolní Křečany
56480;Lázně Bělohrad
56486;Pučery
56489;Panský
56490;Šárovcova Lhota
56496;Chotouchov
56500;Horní Nová Ves
56506;Kořenice
56516;Červené Pečky
56519;Staré Křečany
56529;Dolní Poustevna
56536;Kouřim
56539;Horní Poustevna
56546;Bošice
56549;Mikulášovice dol. n.
56552;Malá Skála
56559;Mikulášovice hor.n.
56562;Dolánky
56569;Mikulášovice střed
56572;Líšný
56576;Zalešany
56579;Vilémov u Šluknova
56580;Semonice
56582;Železný Brod
56586;Plaňany
56589;Velký Šenov
56590;Semily
56596;Žabonosy
56599;Lipová u Šluknova
56600;Nedvězí
56606;Plaňany zastávka
56609;Velký Šenov zastávka
56610;Košťálov
56616;Vrbčany
56619;Šluknov
56620;Libštát
56626;Chroustov
56630;Bělá u Staré Paky
56639;Šluknov zastávka
56640;Stará Paka
56649;Valdek
56650;Levínská Olešnice
56659;Krásná Lípa
56660;Bělá u Staré Paky zastávka
56669;Krásná Lípa město
56670;Nová Paka
56679;Zahrady u Rumburka
56680;Nová Paka město
56689;Varnsdorf
56690;Horka u Staré Paky
56699;Dolní Podluží
56700;Borovnice
56709;Varnsdorf staré nádraží
56710;Mostek
56719;Rybniště
56720;Borovnička
56729;Horní Podluží
56730;Bílá Třemešná
56739;Jiřetín pod Jedlovou
56740;Dvůr Králové nad Labem
56749;Chřibská
56750;Žireč
56759;Jedlová
56760;Kuks
56769;Nová Huť v Lužických horách
56770;Jaroměř
56779;Svor
56780;Jaroměř zastávka
56789;Nový Bor
56790;Rychnovek
56799;Skalice u České Lípy
56800;Smiřice
56809;Česká Lípa hl. n.
56810;Černožice
56829;Česká Lípa střelnice
56839;Jestřebí
56849;Srní u České Lípy
56859;Doksy
56860;Předměřice nad Labem
56869;Staré Splavy
56870;Lochenice
56879;Okna
56880;Opatovice nad Labem-Pohřebačka
56889;Bezděz
56890;Stéblová
56893;Stéblová obec
56898;Bělá pod Bezdězem
56900;Čeperka
56908;Bělá pod Bezdězem město
56910;Roztoky u Jilemnice
56918;Bělá pod Bezdězem zastávka
56920;Tample
56928;Malá Bělá
56930;Martinice v Krkonoších
56940;Kunčice nad Labem
56950;Horní Branná
56960;Klášterská Lhota
56970;Hostinné
56971;Hostinné město
56980;Prosečné
56990;Chotěvice
56999;Lovosice závod
57000;Pilníkov
57009;Žalhostice
57010;Vlčice
57016;Praha-Braník
57019;Litoměřice hor.n.
57020;Trutnov hl. n.
57026;Praha-Bubeneč
57027;Praha-Podbaba
57029;Ploskovice
57030;Trutnov-Poříčí
57036;Praha-Bubny
57037;Praha-Výstaviště
57039;Liběšice
57040;Trutnov střed
57046;Praha-Holešovice zastávka
57049;Horní Řepčice
57050;Trutnov zastávka
57059;Úštěk
57060;Lhota u Trutnova
57066;Praha-Dejvice
57069;Dubičná
57070;Petříkovice
57076;Praha hl. n.
57086;Praha-Hlubočepy
57089;Blíževedly
57090;Libeč
57096;Praha-Hostivař
57099;Kravaře v Čechách
57100;Trutnov-Volanov
57107;Praha-Jinonice
57109;Zahrádky u České Lípy
57110;Rokytnice nad Jizerou
57116;Praha-Cibulka
57119;Stvolínky
57120;Jablonec nad Jizerou
57130;Jablonec nad Jizerou-Hradsko
57139;Zákupy-Božíkov
57140;Poniklá zastávka
57146;Praha-Stodůlky
57150;Poniklá
57156;Praha-Krč
57159;Vlčí Důl-Dobranov
57160;Jilemnice
57169;Mimoň
57170;Horní Sytová
57176;Praha-Libeň
57179;Pertoltice pod Ralskem
57180;Víchová nad Jizerou
57189;Velký Grunov
57190;Hrabačov
57196;Praha-Malešice
57199;Brniště
57200;Vrchlabí
57206;Praha-Ruzyně
57209;Jablonné v Podještědí
57210;Podhůří
57219;Trnovany u Litoměřic
57220;Svoboda nad Úpou
57226;Praha-Smíchov
57229;Velký Valtinov
57230;Mladé Buky z
57236;Praha Masaryk. n.
57250;Trutnov-Staré m. z
57256;Praha-Holešovice
57261;Praha-Eden
57266;Praha-Veleslavín
57276;Praha-Vršovice
57279;Praha-Zahradní Město
57280;Královec
57287;Praha-Kačerov
57290;Trutnov-Zel. Louka z
57300;Bernartice u Trutnova
57310;Křenov
57316;Praha-Vysočany
57319;Litoměřice Cihelna
57320;Radvanice
57330;Chvaleč
57336;Praha-Čakovice
57340;Janovice u Trutnova
57346;Praha-Horní Měcholupy
57350;Adršpach
57356;Praha-Kbely
57360;Hodkovice u Trutnova
57366;Praha-Kyje
57370;Horní Adršpach
57380;Teplice nad Metují skály
57386;Praha-Modřany zastávka
57390;Teplice nad Metují město
57396;Praha-Velká Chuchle
57410;Malé Svatoňovice
57420;Suchovršice
57430;Velké Svatoňovice
57440;Rtyně v Podkrkonoší
57450;Červený Kostelec
57460;Rtyně v Podkrkonoší zastávka
57470;Olešnice
57480;Starkoč
57490;Řešetova Lhota
57500;Česká Skalice
57510;Velká Jesenice
57522;Hrádek nad Nisou
57542;Chotyně
57552;Chrastava
57562;Bílý Kostel nad Nisou
57572;Chrastava-Andělská Hora
57582;Machnín hrad
57592;Machnín
57600;Pardubice-Semtín
58000;Čáslav
58001;Č.Třebová odj.sk.
58083;Nymburk předjízd.n.
58219;Chomutov město
58316;Skochovice
58322;Rokytka výhybka č.1 odbočka
58346;Rokytka odbočka
58376;Praha Jih
73005;Aš
73014;Dobrá Voda u Březnice
73015;Aš město
73022;Mirovice
73025;Aš předměstí
73032;Myslín
73035;Štítary
73042;Čimelice
73045;Podhradí
73052;Smetanova Lhota
73055;Studánka
73062;Dolní Ostrovec
73065;Hranice v Čechách
73072;Vráž u Písku
73074;Beroun
73082;Čížová
73084;Králův Dvůr
73092;Písek zastávka
73094;Králův Dvůr - Popovice
73095;Vojtanov obec
73102;Horní Nerestce
73104;Zdice
73114;Stašov
73122;Heřmaň
73124;Praskolesy
73134;Hořovice
73141;Hudčice
73144;Cerhovice
73151;Slavětín u Březnice
73160;Kařez
73162;Bělčice
73165;Kařízek
73172;Závišín
73175;Mýto
73182;Bezdědovice
73185;Holoubkov
73192;Mačkov
73195;Svojkovice
73202;Sedlice
73205;Rokycany
73212;Sedlice město
73215;Klabava
73222;Rojice
73225;Ejpovice
73232;Velká Turná
73235;Dýšina-Horomyslice
73242;Radomyšl
73245;Chrást u Plzně
73252;Radomyšl zastávka
73255;Chrást u Plzně obec
73262;Domanice
73265;Plzeň-Doubravka
73272;Řepice
73275;Plzeň hl. n.
73282;České Budějovice
73286;Malměřice
73296;Ležky
73302;Hluboká nad Vltavou
73306;Lubenec
73312;Zliv
73316;Lubenec zastávka
73322;Zbudov
73326;Libkovice
73332;Dívčice
73335;Chyše
73342;Záblatíčko
73345;Protivec
73352;Číčenice
73355;Záhořice
73362;Milenovice
73365;Žlutice
73372;Protivín zastávka
73375;Borek u Žlutic
73382;Protivín
73385;Štědrá
73392;Skály
73395;Smilov
73402;Heřmaň obec
73405;Luhov
73412;Ražice
73415;Toužim
73422;Sudoměř u Písku
73425;Poseč
73432;Čejetice
73435;Otročín
73442;Modlešovice
73445;Dalovice
73452;České Budějovice severní zastávka
73455;Sadov
73462;Hrdějovice
73465;Sadov-Podlesí
73472;Hosín
73475;Velký Rybník
73482;Hluboká nad Vltavou-Zámostí
73485;Hroznětín
73492;Chotýčany
73495;Hroznětín zastávka
73502;Ševětín
73505;Merklín
73512;Neplachov
73515;Domažlice
73525;Domažlice město
73532;Horusice
73535;Havlovice
73542;Veselí nad Lužnicí zastávka
73545;Pila
73552;Veselí nad Lužnicí
73555;Trhanov
73562;Řípec-Dráchov
73563;Řípec
73565;Klenčí pod Čerchovem
73572;Soběslav
73575;Postřekov
73585;Nový Kramolín
73592;Doubí u Tábora
73595;Hazlov
73596;Vlkanov
73602;Planá nad Lužnicí
73605;Horažďovice
73612;Sezimovo Ústí
73613;Tábor-Čápův Dvůr
73615;Velké Hydčice
73622;Tábor
73625;Žichovice
73632;České Velenice
73634;Tábor-Měšice
73635;Sušice
73642;Nová Ves nad Lužnicí
73645;Hrádek u Sušice
73652;Dvory nad Lužnicí
73655;Mokrosuky
73662;Hrdlořezy
73665;Kolinec
73672;Suchdol nad Lužnicí zastávka
73675;Malonice
73676;Myslkovice
73682;Suchdol nad Lužnicí
73685;Nemilkov
73692;Majdalena
73695;Běšiny
73702;Třeboň lázně
73705;Neznašovy
73712;Třeboň
73715;Vrhaveč
73722;Lužnice
73725;Luby u Klatov
73732;Lomnice nad Lužnicí
73735;Klatovy město
73742;Frahelž
73745;Klatovy
73752;Vlkov nad Lužnicí
73755;Bezděkov u Klatov
73762;Vodňany
73765;Janovice nad Úhlavou
73772;Pražák
73775;Dubová Lhota
73782;Svinětice
73785;Úborsko
73792;Bavorov
73795;Pocinovice
73802;Blanice
73805;Loučim
73812;Strunkovice nad Blanicí
73815;Dobříkov na Šumavě
73822;Husinec
73825;Chodská Lhota
73832;Prachatice
73835;Kdyně
73842;Prachatice lázně
73845;Kout na Šumavě
73852;Rohanov
73855;Spáňov
73862;Chroboly
73865;Horažďovice předměstí
73872;Ovesné u Prachatic
73875;Velký Bor
73882;Skříněřov
73885;Jetenovice
73892;Zbytiny
73895;Pačejov
73896;Kovčín
73902;Spálenec
73905;Nekvasovy
73912;Volary
73915;Mileč
73922;Dobrá na Šumavě
73925;Nepomuk
73932;Černý Kříž
73935;Srby
73942;Stožec
73945;Ždírec u Plzně
73952;Nové Údolí
73955;Blovice
73962;Majdalena zastávka
73965;Zdemyslice
73975;Šťáhlavy
73985;Starý Plzenec
73996;Plzeň-Slovany
74005;Františkovy Lázně
74010;Františkovy Lázně-Aquaforum
74015;Žírovice-Seníky
74025;Vojtanov
74035;Plesná
74055;Chodov
74065;Mírová
74075;Božičany
74085;Nová Role
74095;Dolní Stupno
74105;Chrást u Plzně zastávka z
74112;Vyšné
74115;Sedlecko
74122;Nové Hrady
74125;Všenice
74132;Petříkov
74135;Stupno
74142;Jílovice
74145;Bezděkov u Radnic
74152;Hluboká u Borovan
74155;Radnice
74162;Borovany
74165;Stará Role
74172;Trocnov
74175;Střapole
74182;Nová Ves u Českých Budějovic
74185;Nová Role zastávka
74192;Nové Hodějovice
74195;Nejdek-Suchá
74202;Hříběcí
74205;Nejdek
74212;Nová Buková
74215;Nejdek zastávka
74222;Dobrá Voda u Pelhřimova
74225;Vysoká Pec
74232;Zajíčkov
74233;Dýšina
74235;Nové Hamry
74242;Rynárec
74245;Nejdek-Tisová
74252;Pelhřimov
74255;Nejdek-Sejfy
74262;Vlásenice
74265;Nejdek-Oldřichov
74272;Nová Cerekev
74275;Pernink
74282;Leskovice
74285;Horní Blatná
74292;Pacov
74295;Potůčky zastávka
74302;Šimpach
74305;Potůčky
74312;Pořín
74315;Krásný Jez
74316;Krásný Jez zastávka
74322;Chýnov
74325;Horní Slavkov-Kounice
74332;Dobronice u Chýnova
74342;Smyslov
74352;Radostice u Trocnova
74362;Jindřichův Hradec
74375;Loučky
74395;Nové Sedlo u Lokte
74405;Mariánské Lázně
74415;Mariánské Lázně město
74425;Vlkovice
74435;Milhostov u Mariánských Lázní
74445;Ovesné Kladruby
74455;Mrázov
74465;Teplá
74475;Hoštěc
74485;Poutnov
74495;Louka u Mariánských Lázní
74505;Bečov nad Teplou
74515;Vodná
74525;Loket
74531;Dynín zastávka
74536;Teplička
74545;Kfely
74555;Cihelny
74565;Karlovy Vary-Březová
74571;Karlovy Vary-Aréna
74575;Doubí u Karlových Varů
74585;Karlovy Vary dolní n.
74595;Nýřany
74605;Kamenný Újezd u Nýřan
74615;Blatnice u Nýřan
74625;Rochlov
74632;Obrataň
74633;Kasejovice zastávka
74635;Přehýšov
74643;Třebčice
74645;Heřmanova Huť
74653;Želvice
74655;Plzeň-Jižní Předměstí
74656;Plzeň-Zadní Skvrňany
74662;Písek jih
74663;Kotouň
74665;Plzeň-Skvrňany
74673;Životice
74675;Vejprnice
74683;Kasejovice
74685;Tlučná
74692;Hradiště u Blatné
74695;Zbůch
74702;Lnáře
74705;Chotěšov u Stoda
74712;Tchořovice
74715;Stod
74722;Blatná
74725;Hradec u Stoda
74735;Holýšov
74742;Rožmberk nad Vltavou
74745;Dolní Kamenice
74752;Herbertov
74755;Osvračín
74762;Těchoraz
74765;Blížejov
74772;Vyšší Brod klášter
74775;Milavče
74782;Čertova Stěna
74785;Stříbro
74792;Loučovice
74795;Babylon
74802;Loučovice zastávka
74805;Česká Kubice
74812;Lipno nad Vltavou
74815;Plzeň-Křimice
74822;Slavonice
74825;Vochov
74832;Mutišov
74835;Kozolupy
74842;Dolní Bolíkov
74845;Břasy
74852;Peč
74855;Pňovany zastávka
74862;Urbaneč
74865;Sulislav
74872;Dačice město
74875;Vranov u Stříbra
74882;Dačice
74892;Malý Pěčín
74895;Milíkov
74900;Telč-Staré Město
74902;Velký Pěčín
74905;Svojšín
74910;Slaviboř
74915;Ošelín
74920;Radkov
74924;Tochovice zastávka
74925;Pavlovice
74930;Telč
74935;Brod nad Tichou
74940;Mysliboř
74945;Planá u M.L.
74950;Sedlejov
74953;Příbram sídliště
74955;Chodová Planá
74960;Hodice
74965;Valy u Mariánských Lázní
74970;Třešť město
74975;Lázně Kynžvart
74980;Třešť
74985;Dolní Žandov
74990;Jezdovice
74995;Salajna
75000;Salavice
75005;Lipová u Chebu
75012;Radošovice
75015;Stebnice
75022;Přední Zborovice
75025;Cheb-Všeboř
75033;Strunkovice nad Volyňkou obec
75035;Cheb
75036;Cheb-Skalka
75037;Pomezí nad Ohří z
75042;Hoštice u Volyně
75045;Plzeň-Bílá Hora
75046;Plzeň-Bolevec
75052;Volyně
75055;Plzeň-Orlík
75062;Nišovice
75065;Třemošná u Plzně
75072;Malenice nad Volyňkou
75075;Horní Bříza zastávka
75082;Lčovice
75085;Horní Bříza
75092;Čkyně
75095;Obora u Kaznějova
75102;Bohumilice v Čechách zastávka
75105;Kaznějov
75112;Bohumilice v Čechách
75115;Plasy
75122;Vimperk
75125;Horní Hradiště
75132;Vimperk zastávka
75135;Mladotice zastávka
75142;Lipka
75145;Mladotice
75152;Lenora zastávka
75155;Potvorov
75162;Kubova Huť
75165;Žihle
75172;Horní Vltavice
75182;Zátoň
75186;Blatno u Jesenice
75192;Zátoň-Boubín
75202;Lenora
75206;Petrohrad
75212;Soumarský Most
75216;Kryry
75222;Horní Dvořiště
75226;Vroutek
75232;Rybník
75236;Podbořany
75242;Pšenice
75246;Kaštice
75252;Bujanov
75262;Omlenice
75272;Kaplice
75282;Výheň
75292;Velešín
75295;Plzeň zastávka
75302;Velešín město
75305;Plzeň-Doudlevce
75312;Holkov
75322;Chlumec u Českých Budějovic
75325;Dobřany
75332;Kamenný Újezd u Českých Budějovic
75335;Chlumčany u Dobřan
75345;Přeštice-Zastávka
75352;Včelná
75355;Přeštice
75362;České Budějovice jižní zastávka
75365;Lužany
75372;Horky u Tábora
75375;Borovy
75382;Slapy
75385;Červené Poříčí
75392;Libějice
75395;Švihov u Klatov
75402;Malšice
75405;Dehtín
75412;Čenkov u Malšic
75415;Točník
75422;Třebelice
75425;Pňovany
75432;Všechlapy
75435;Blahousty
75442;Bechyňská Smoleč
75445;Trpísty
75452;Sudoměřice u Bechyně
75455;Lomnička
75462;Bežerovice
75465;Cebiv
75472;Bechyně zastávka
75475;Strahov
75482;Bechyně
75485;Břetislav
75492;Nasavrky
75495;Kokašice
75502;Balkova Lhota
75505;Konstantinovy Lázně
75512;Meziříčí
75515;Bezdružice
75522;Padařov
75525;Poběžovice
75532;Božejovice
75535;Mutěnín
75542;Sepekov
75545;Hostouň
75552;Milevsko
75555;Svržno
75562;Líšnice
75565;Újezd Svatého Kříže
75572;Branice
75575;Bělá nad Radbuzou
75582;Stehlovice
75585;Bělá nad Radbuzou zastávka
75592;Jetětice
75595;Třemešné pod Přimdou
75602;Červená nad Vltavou
75605;Dubec
75612;Vlastec
75615;Borek u Tachova
75622;Záhoří
75625;Stráž u Tachova
75632;Vrcovice
75635;Doly
75642;Písek město
75645;Staré Sedliště
75652;Písek
75653;Písek-Dobešice
75655;Pernolec
75662;Putim
75665;Malý Rapotín
75672;Doňov
75675;Tachov zastávka
75682;Kardašova Řečice
75685;Tachov
75692;Mnich
75702;Děbolín
75705;Lom u Tachova
75762;Počátky-Žirovnice
75802;Horní Cerekev
75806;Kotvina
75810;Švábov
75816;Perštejn
75820;Batelov
75825;Boč
75830;Dolní Cerekev
75835;Stráž nad Ohří
75840;Kostelec u Jihlavy
75841;Kostelec u Jihlavy masna
75845;Vojkovice nad Ohří
75850;Dvorce
75855;Ostrov nad Ohří
75860;Rantířov
75862;Horní Planá zastávka
75865;Hájek
75872;Pěkná
75875;Karlovy Vary
75882;Ovesná
75885;Karlovy Vary-Dvory
75892;Nová Pec
75895;Královské Poříčí
75902;Pernek-Hory
75905;Citice
75912;Horní Planá
75915;Hlavno
75922;Černá v Pošumaví
75925;Dasnice
75932;Žlábek
75935;Kynšperk n.O.
75942;Hodňov
75945;Nebanice
75952;Polečnice
75955;Tršnice
75962;Polná na Šumavě
75964;Chlum u Rakovníka
75972;Hořice na Šumavě
75974;Lašovice
75982;Mezipotočí
75984;Pustověty
75992;Kájov
75994;Městečko u Křivoklátu
76002;Český Krumlov
76004;Křivoklát
76012;Přísečná
76014;Roztoky u Křivoklátu
76022;Zlatá Koruna
76024;Újezd nad Zbečnem
76032;Plešovice
76034;Zbečno
76035;Plešnice
76042;Třísov
76044;Račice nad Berounkou
76052;Holubov
76054;Žloukovice
76062;Křemže
76064;Nižbor
76072;Vrábče
76073;Hradce
76074;Hýskov
76082;Černý Dub
76084;Beroun-Závodí
76092;Boršov nad Vltavou
76094;Rakovník
76102;Strakonice
76104;Senomaty
76114;Šanov
76122;Pracejovice
76124;Pšovlky
76132;Katovice
76134;Švihov u Jesenice
76142;Dolní Poříčí
76144;Oráčov
76152;Střelské Hoštice
76154;Kosobody
76164;Jesenice
76174;Krty
76184;Lubná
76194;Příčina
76204;Zavidov
76214;Všesulov
76224;Čistá
76234;Strachovice
76245;Kožlany
76254;Rakovník západ
76255;Kralovice u Rakovníka
76275;Rokycany předměstí
76285;Kamenný Újezd u Rokycan
76295;Nová Huť
76305;Hrádek u Rokycan
76315;Mirošov
76325;Mirošov město
76335;Příkosice zastávka
76345;Příkosice
76355;Mešno
76365;Lipnice
76375;Kornatice
76385;Kornatice rybník
76395;Šťáhlavice
76405;Nezvěstice
76414;Zadní Poříčí
76424;Oslí
76434;Skuhrov pod Třemšínem
76444;Rožmitál p.Třemšínem
76455;Sokolov
76465;Svatava
76475;Svatava zastávka z
76485;Luh nad Svatavou z
76495;Hřebeny
76505;Oloví
76515;Rotava
76525;Kraslice př. nz
76534;Kraslice-P.vlekem z
76535;Kraslice
76555;Holostřevy
76565;Skviřín
76575;Bor
76585;Staňkov
76595;Křenovy
76615;Semošice
76625;Horšovský Týn
76635;Mašovice
76645;Meclov
76655;Ohnišťovice
76665;Zámělíč
76675;Třebeň
76685;Nový Drahov
76695;Vonšov
76705;Skalná
76715;Velký Luh
76725;Nový Kostel
76735;Dolní Luby
76745;Luby u Chebu
76754;Běleč
76755;Bor zastávka
76764;Liteň
76774;Skuhrov pod Brdy
76784;Nesvačily
76794;Všeradice
76804;Vižina
76814;Osov
76824;Hostomice pod Brdy
76834;Radouš
76844;Neumětely
76854;Lochovice
76864;Libomyšl
76874;Rejkovice
76884;Jince
76894;Bratkovice
76904;Příbram
76905;Starec
76914;Milín
76924;Tochovice
76934;Březnice
76935;Dobřany zastávka
76944;Ostrov u Tochovic
76945;Petrovice nad Úhlavou
76955;Nýrsko
76965;Dešenice
76975;Zelená Lhota
76985;Hamry-Hojsova Stráž
76995;Hojsova Stráž-Brčálník
77005;Špičák
77012;Domoradice
77015;Železná Ruda město
77025;Ž. Ruda-Alžbětín
77035;Železná Ruda centrum
